X,Y,Z
4.469881187,0.044748988,2.580687107
4.321882768,0.101580736,2.49524018
4.213001153,-0.061226744,2.432377349
4.193045167,0.270322495,2.420855756
4.398488388,-0.00526609,2.539468455
4.2449105,0.178422745,2.45080022
4.234367825,0.346246026,2.444713404
4.705225747,0.25388973,2.716563351
4.441002261,0.008825338,2.564013851
4.124813388,-0.324835649,2.38146212
4.353441764,0.152873728,2.513460774
4.303038254,0.193504253,2.484360294
4.354221868,0.163090054,2.513911168
4.312477283,0.450450583,2.48980992
4.207120376,0.133276181,2.428982082
4.342432647,0.132778984,2.507104658
4.190197503,0.67735231,2.419211656
4.445998513,0.367373339,2.566898438
4.324679429,0.113102577,2.496854832
3.915807662,0.21921675,2.260792608
4.099851492,0.056386095,2.367050363
4.22809568,0.657357989,2.441092179
4.179257697,0.437259888,2.412895556
4.18787696,0.230561667,2.41787189
4.239767417,0.26110249,2.447830859
4.389273957,0.40803932,2.5341485
3.995569802,0.369318374,2.306843301
4.117912225,0.53878187,2.377477732
4.255417516,0.39051445,2.456866449
4.405660457,0.657798296,2.543609251
4.366363502,-0.026901681,2.520921143
4.139203742,0.597189545,2.389770395
4.577512637,0.470070312,2.642828153
4.319219596,0.623562479,2.493702596
4.372997156,0.519745174,2.524751085
4.279257271,0.673784641,2.470630337
4.110273812,0.996736019,2.373067692
4.282173326,0.666132679,2.472313923
4.10060506,0.82929406,2.367485435
4.02730857,0.866972764,2.325167687
4.118390095,0.795556532,2.37775363
4.226469223,0.677131312,2.440153144
3.910755764,0.749096398,2.257875893
4.147342036,0.705283749,2.394469041
4.153350578,1.083967458,2.397938074
4.28959482,0.424736089,2.476598724
4.035315578,0.616476588,2.329790535
4.298581562,1.090831833,2.481787222
4.18481968,1.030102008,2.416106769
3.915223946,1.14111699,2.260455599
3.929041652,0.961585392,2.268433256
4.120571028,0.959315023,2.379012792
3.975174806,1.088291085,2.295068245
4.120239098,1.212160271,2.378821152
4.389444111,0.773990325,2.534246739
3.974468065,1.09738174,2.294660207
4.084248422,0.875087192,2.358041926
3.716618028,0.734942531,2.145790419
4.47731265,1.045548164,2.584977664
4.308154609,1.619713507,2.487314223
3.792159569,0.836501233,2.189404348
3.940638488,0.789990597,2.275128692
4.195987057,1.345109627,2.422554257
4.049249183,1.037211389,2.337835106
4.014354329,1.389984624,2.317688552
3.985311961,1.110247803,2.300920934
4.053130005,1.01819276,2.340075699
4.145077986,1.435819178,2.393161891
4.28763739,1.395818925,2.475468602
3.786130017,1.420602591,2.185923185
3.884456611,1.386948606,2.24269207
3.852929331,1.495823955,2.224489787
3.866560609,1.372193693,2.232359808
4.016890867,1.299895907,2.319153023
3.925051335,1.3960077,2.266129445
3.593351516,1.597854194,2.074622465
3.77501762,1.086104165,2.179507439
3.802762929,1.517766874,2.195526201
3.684388003,1.563433912,2.127182405
3.77018108,1.468809356,2.176715062
3.967167212,1.344089692,2.290445058
3.740231428,1.886127934,2.159423622
3.783295387,1.163391039,2.18428661
3.894725533,1.455689171,2.248620835
3.880069036,1.67925306,2.240158903
3.835145526,1.577478824,2.214222302
3.626203755,1.094150865,2.093589714
3.833900696,1.591650999,2.213503599
3.751244425,1.732768715,2.165781978
3.366988749,1.277486714,1.94393186
3.863595917,1.546488666,2.230648143
3.536767005,1.653698036,2.041953382
3.655848849,1.438316752,2.110705317
3.525060445,1.602377828,2.035194597
3.43973603,1.39525782,1.985932523
3.888274715,1.794378661,2.244896454
3.680510266,1.869352317,2.124943593
3.631573037,1.689666945,2.09668967
3.759976737,1.563628133,2.170823581
3.921176371,1.972669769,2.263892233
3.41941254,2.110816098,1.974198751
3.578344674,1.848242502,2.065958261
3.342426331,1.424312804,1.929750742
3.499326462,1.824025482,2.020337075
3.219159193,2.249336535,1.858582427
3.308582912,1.854481327,1.910211235
3.810581598,1.668484882,2.200040311
3.671602747,1.789429259,2.119800834
3.488102925,1.937495223,2.013857162
3.383256222,1.841141693,1.953323891
3.467588711,1.672736063,2.002013276
3.103401562,2.027126667,1.791749727
3.140717282,1.659128157,1.813293968
3.112428997,1.669952335,1.796961719
3.101018106,1.789350985,1.790373638
3.099346032,2.07820919,1.789408266
3.207441795,2.240048705,1.851817384
3.209906919,1.899445347,1.853240624
3.200877365,1.998735233,1.848027408
3.31429575,1.91638306,1.913509543
3.049606928,2.153090165,1.760691381
3.064846014,2.221951241,1.769489671
3.053951935,1.797034146,1.763199972
3.2474641,2.331959506,1.874924272
3.429057424,2.192184072,1.979767227
3.202500084,2.285235281,1.848964285
3.213602971,1.935633172,1.855374541
3.037681058,2.080169882,1.753805977
2.843447477,2.091405379,1.641665166
2.898749026,2.362253482,1.673593531
2.894370276,2.111251366,1.671065458
2.93034988,2.134834079,1.691838292
2.949090471,2.424945008,1.702658177
2.902872538,2.326245503,1.675974241
3.101736876,2.104506083,1.79078862
2.370319559,1.973400683,1.368504635
2.77170524,2.308825671,1.600244766
2.868547602,2.16615523,1.65615673
2.662161451,2.070186728,1.53699963
2.831652065,2.528825824,1.634855082
2.68339276,2.164551606,1.549257533
2.720218063,2.465892013,1.570518631
2.550171514,2.637729106,1.47234221
2.734432092,2.234084665,1.578725104
2.748537285,2.478238432,1.586868741
2.601011512,2.828551028,1.501694697
2.510958658,2.356257034,1.449702657
2.608860418,2.4104971,1.506226265
2.731991455,2.609695365,1.577316002
2.440659577,2.290102808,1.409115464
2.648700114,2.77798245,1.529227724
2.585223699,2.389330583,1.492579598
2.403768008,2.62960144,1.387816107
2.695612283,2.238893336,1.556312477
2.478150272,2.392801854,1.430760726
2.245113154,2.409276092,1.296216684
2.322489256,2.324657064,1.340889797
2.195313622,2.183417435,1.26746491
2.163760967,2.87138248,1.249247977
2.059327843,2.56407197,1.188953485
2.23629916,2.675497319,1.291127922
2.263085346,2.838285524,1.306592934
2.434113178,2.506856119,1.405335899
2.287661837,2.640675719,1.320782177
2.338171984,2.471071078,1.349944225
1.829756068,2.295312573,1.056410158
2.356814335,2.528349103,1.360707391
2.123490626,2.585449845,1.225997884
1.791329961,2.867324015,1.034224835
1.847646762,2.487293392,1.066739355
1.991290041,2.666607645,1.149671841
1.952311236,2.649968812,1.127167417
1.839140489,2.675467486,1.061828256
1.729955791,2.878011869,0.998790442
2.14413669,2.788095288,1.237917895
1.956997665,2.870127683,1.129873129
2.127061331,2.872810511,1.228059432
1.972306263,2.165774549,1.138711552
1.654950227,2.762352901,0.955485959
1.856803256,2.577477385,1.07202586
1.455265966,2.618063354,0.840198197
1.922031883,2.53167478,1.109685625
1.74046603,2.63468526,1.004858531
1.835569272,2.742434437,1.059766414
1.791234789,2.872932331,1.034169888
1.767228526,2.64778422,1.020309865
2.0622838,2.414808573,1.190660107
1.388009998,2.613538603,0.801367946
1.810406064,2.859393829,1.045238428
1.517395346,2.726971369,0.876068612
1.813056389,2.8875514,1.046768594
1.422919811,2.955643231,0.821523136
1.790042149,2.808087736,1.033481316
1.43055004,2.735794261,0.825928451
1.385006696,2.84177254,0.799633989
1.465618977,2.700940662,0.846175511
1.318099281,2.676334323,0.761004974
1.351954215,2.824603244,0.78055113
1.477568109,3.368673761,0.853074346
1.254338116,2.38270984,0.724192449
1.202945866,3.052867506,0.694521119
1.299859928,2.711935539,0.750474479
1.17734397,2.98912535,0.679739858
0.948273371,2.810526975,0.547485886
1.289950049,2.437258628,0.744753008
1.239466719,2.71804003,0.715606444
1.273393132,2.943739961,0.735193867
1.397346368,3.071838405,0.806758302
1.108562533,3.343577551,0.640028877
1.02600018,3.012889643,0.59236148
1.223275187,2.864767441,0.706258258
1.347186576,2.979065954,0.777798532
1.194566705,2.835625204,0.689683409
1.046963992,2.824258561,0.604464943
1.096236871,2.816586144,0.632912653
0.574290529,2.844458773,0.331566791
1.138581694,3.096956342,0.657360448
1.095129535,2.951749918,0.632273332
0.514474425,2.556400087,0.297031948
1.043455967,2.927207914,0.602439583
0.858258518,2.808728179,0.495515787
0.486571608,2.964630599,0.280922249
0.472582799,2.700971747,0.272845806
0.982062768,2.674788214,0.566994203
0.540262774,3.152260139,0.311920858
0.756004789,2.829728377,0.436479569
0.541530107,2.793292869,0.312652553
0.419266772,3.025744732,0.242063783
0.636017928,2.894068911,0.367205122
0.865718799,3.174206496,0.499822982
0.399080767,2.602158633,0.230409388
0.571663916,3.225362887,0.330050316
0.515802188,3.166248088,0.297798532
0.548095534,2.983516084,0.316443104
0.418117576,2.892389211,0.241400295
0.339834204,3.178102794,0.196203369
0.513970628,2.879066573,0.296741081
0.040574423,3.165458336,0.023425654
0.112288883,2.985258009,0.064830017
0.005934278,2.991563584,0.003426157
0.214301255,2.842641252,0.123726887
0.304996775,2.760024181,0.17608997
0.139979197,2.777323235,0.080817027
0.324979704,3.038538536,0.18762712
0.199653002,2.949794514,0.115269714
0.169947919,2.771693384,0.098119477
0.230490379,2.904043423,0.133073682
0.064340709,3.296498245,0.037147126
-0.008115752,3.267812351,-0.004685632
-0.103045737,3.263080489,-0.059493484
0.082800893,2.920450129,0.047805118
-0.014556537,2.758869954,-0.00840422
-0.219040024,3.055763855,-0.126462817
-0.228239178,2.972216461,-0.131773951
-0.306048179,2.927331944,-0.176696998
-0.308224142,3.303169606,-0.177953292
-0.101321945,3.40105101,-0.058498252
-0.015631933,3.158216577,-0.009025101
-0.486694985,2.84625973,-0.280993481
0.007636292,2.998029616,0.004408815
-0.291319448,3.099029497,-0.168193362
-0.362354742,3.023594459,-0.209205608
-0.198433068,3.022330677,-0.114565385
-0.618833533,3.19128305,-0.357283707
-0.624068061,2.888772477,-0.360305863
-0.205379318,2.694995385,-0.118575805
-0.676242889,3.141401071,-0.390429014
-0.69135916,2.936872279,-0.399156397
-0.359085134,2.854588355,-0.207317899
-0.759075382,3.101443821,-0.438252376
-0.361635852,2.797773343,-0.208790557
-0.719102938,3.174882419,-0.415174275
-0.488663774,2.885258161,-0.282130161
-0.627600091,2.826158023,-0.362345082
-0.844700874,2.724307622,-0.487688277
-0.850707254,3.258426026,-0.491156062
-0.679709342,3.050748913,-0.392430371
-0.682220637,3.071309748,-0.393880268
-0.689143449,2.974483958,-0.397877156
-0.825570458,2.973767002,-0.476643326
-0.827208833,2.938267342,-0.477589242
-0.965859668,3.121158744,-0.557639339
-0.836730717,3.101945899,-0.483086704
-0.785942446,2.797139368,-0.453764083
-0.944940415,2.693640074,-0.545561603
-0.848653396,2.932104102,-0.489970267
-0.93591295,3.01535072,-0.540349594
-1.024641953,2.763170864,-0.591577308
-0.94088725,2.944864198,-0.543221507
-0.966581659,3.076786984,-0.558056181
-1.286778718,2.764368538,-0.742922039
-1.081675643,2.844052862,-0.624505724
-1.278453756,3.377651293,-0.73811562
-0.927479168,2.968959386,-0.535480347
-1.242553728,2.932850429,-0.717388729
-1.459724005,2.705362943,-0.842772047
-0.725215747,2.957891793,-0.418703507
-1.271440705,3.217951313,-0.734066634
-1.044738919,2.713360248,-0.603180296
-1.328188129,2.951259428,-0.766829774
-1.364333839,2.751734283,-0.787698509
-1.58470314,2.860241733,-0.914928785
-1.011950911,2.768733946,-0.584250131
-1.23946362,2.62989545,-0.715604655
-1.385703856,3.129236353,-0.800036494
-1.616790303,2.784326054,-0.933454317
-1.346724236,2.582931733,-0.7775316
-1.441068162,2.914365525,-0.832001091
-1.487596536,2.977526286,-0.858864261
-1.644517788,2.896324089,-0.949462787
-1.657124266,2.645137466,-0.956741141
-1.8523527,2.48218659,-1.06945633
-1.442018161,3.042710306,-0.832549573
-1.480380068,2.688362639,-0.854697831
-1.908321597,2.863172392,-1.101769987
-1.676608602,2.601053838,-0.967990428
-1.975129208,2.865908528,-1.14034138
-1.78691002,2.613664441,-1.031672981
-1.747698244,2.582714866,-1.009034052
-1.836475967,2.623434779,-1.060289894
-2.345547892,2.707826602,-1.354202707
-2.030017451,2.713193287,-1.172031122
-2.07300624,2.515942989,-1.196850711
-1.919799749,2.572646193,-1.108396902
-1.984887721,2.807196254,-1.14597546
-1.943013181,2.487822588,-1.121799183
-1.917426515,2.661789444,-1.107026714
-1.929815561,2.864906404,-1.114179534
-1.770339615,2.390817488,-1.022106053
-2.31422384,2.330721381,-1.336117757
-2.041865257,2.474750662,-1.178871456
-2.397597908,2.329175747,-1.384253797
-2.07366768,2.997684219,-1.197232593
-2.17257093,2.714341147,-1.254334411
-2.223790992,2.782177902,-1.283906328
-2.347027046,2.723914611,-1.355056697
-2.379608891,2.524838982,-1.373867834
-2.656417117,2.360042971,-1.533683138
-2.621737484,2.668917618,-1.513660842
-2.33994883,2.039943112,-1.350970087
-2.015481925,2.632704896,-1.163639032
-2.387234501,2.561375314,-1.378270482
-2.084382229,2.444068078,-1.203418641
-2.382381147,2.327078371,-1.375468396
-2.500313248,2.62736608,-1.443556527
-2.532676935,2.636055392,-1.46224171
-2.44774002,2.478270756,-1.413203359
-2.683686284,2.117531671,-1.549426998
-2.508677891,2.546110263,-1.448385856
-2.667186493,2.659897713,-1.53990084
-2.449068394,2.431348281,-1.413970297
-2.296035318,2.381633362,-1.325616609
-2.702486451,2.26293041,-1.56028128
-2.71408234,2.441715071,-1.56697617
-2.618359619,2.43791577,-1.511710631
-2.775777822,2.395846354,-1.602596073
-2.789909222,2.313071031,-1.610754841
-2.586330454,2.291042142,-1.493218584
-2.661312575,2.281695716,-1.536509531
-2.85782312,2.212466207,-1.649964947
-2.71126082,2.253721637,-1.565347164
-2.51962107,2.370319751,-1.454703903
-2.78545274,2.33982861,-1.608181889
-3.059920336,2.229870276,-1.76664583
-2.887538319,2.153006094,-1.667121026
-2.697617265,1.686306272,-1.557470054
-3.133255661,2.087827539,-1.808985999
-3.24342104,2.297197136,-1.872590011
-3.132100223,1.873894664,-1.808318907
-3.11596828,2.140215725,-1.799005125
-3.035847302,2.202946834,-1.752747257
-2.97067049,2.081115696,-1.715117407
-3.054755145,2.282512489,-1.763663705
-3.141295966,2.114264191,-1.813628071
-3.128879881,1.736811792,-1.806459641
-3.425190467,1.88551401,-1.977534638
-2.846244879,2.028683977,-1.643280247
-2.99148838,1.859158054,-1.727136621
-2.93711222,1.957972401,-1.695742531
-3.253621396,1.767670504,-1.878479189
-3.343497551,2.057958349,-1.930369211
-3.020273785,2.439995312,-1.743755883
-3.303702587,1.894027111,-1.907393578
-3.480619411,1.788845711,-2.009536554
-3.355863449,1.951493018,-1.937508666
-3.371304409,2.099121916,-1.946423508
-3.080957648,1.983411973,-1.778791727
-3.347741194,2.126961559,-1.932819279
-3.100233932,2.053578658,-1.789920895
-3.406820676,1.715234481,-1.966928834
-2.941940237,1.572688475,-1.698529988
-3.461206209,2.114924401,-1.998328337
-3.48826222,1.591532409,-2.013949132
-2.891945688,2.089738177,-1.669665621
-3.335381933,1.642463152,-1.925683657
-3.705557492,1.71805153,-2.139404616
-3.572276126,1.920220989,-2.062454583
-3.224941381,1.700829914,-1.861920774
-3.670358603,1.838090922,-2.119082527
-3.380954231,1.928614628,-1.951994835
-3.292875322,1.546248965,-1.901142453
-3.30766574,1.572575249,-1.909681705
-3.33313838,1.490923186,-1.924388341
-3.489719352,1.852988017,-2.014790407
-3.476391043,1.607764258,-2.007095304
-3.681200654,1.448386151,-2.125342189
-3.78962938,1.742002752,-2.187943543
-3.732287196,1.689681938,-2.154837017
-3.629650963,1.588882378,-2.09557996
-3.731471477,1.359772188,-2.154366062
-3.738563721,1.67886239,-2.158460771
-3.696173527,1.479166218,-2.133986781
-3.947503807,1.373530706,-2.279092386
-3.767680113,0.930656566,-2.175271127
-3.926041001,1.707837583,-2.266700829
-3.897811472,1.483299036,-2.250402502
-3.649099639,1.337420051,-2.106808659
-3.883512437,1.499610045,-2.242146951
-3.684671033,1.492014311,-2.127345813
-3.693111015,1.612899454,-2.132218639
-3.639065465,1.534453607,-2.101015426
-3.568716293,0.858911785,-2.060399312
-3.808623441,1.431761725,-2.198909769
-3.812400413,1.179661101,-2.201090404
-3.714487634,1.631967841,-2.144560435
-3.936674945,1.421814847,-2.272840339
-3.736563248,1.553358606,-2.157305797
-4.07597923,1.573927174,-2.353267706
-3.846944858,1.046091842,-2.221034649
-3.838896679,1.192654881,-2.216388031
-4.198484629,1.380855539,-2.423996231
-3.817392362,1.017554938,-2.203972508
-4.299968896,1.02593805,-2.4825882
-3.910023963,0.947141367,-2.257453388
-3.879541282,1.379942136,-2.239854203
-3.987528518,1.172448427,-2.302200663
-3.814563171,1.28060423,-2.202339074
-3.881199039,0.831793445,-2.24081131
-3.888612013,1.361780587,-2.245091193
-4.057320294,0.734550405,-2.342494964
-3.912960269,1.230219861,-2.259148665
-4.190941259,0.998596555,-2.419641064
-3.899726853,0.828991199,-2.251508348
-3.988750662,1.243955885,-2.302906268
-3.959111038,1.44676919,-2.285793824
-4.208040762,0.751265145,-2.429513467
-3.907366248,1.184214626,-2.255918955
-4.101994717,1.226659195,-2.368287754
-4.065703227,0.875319543,-2.347334853
-4.280442458,1.000750281,-2.471314605
-4.019047084,0.943022445,-2.320397916
-4.200847794,0.858242343,-2.425360605
-4.123452315,1.09917072,-2.380676304
-4.253161046,0.827606073,-2.455563675
-4.060709928,0.677680598,-2.34445197
-4.070645257,0.74001452,-2.350188135
-4.427103591,0.972046225,-2.55598945
-4.308679641,0.763876396,-2.487617351
-4.099776542,0.354112968,-2.36700709
-4.26263431,0.93311306,-2.461033066
-4.062091706,0.826302307,-2.34524974
-3.910341375,0.852037628,-2.257636646
-4.135647969,0.682466263,-2.387717468
-4.094842626,0.832793123,-2.364158493
-4.121649409,1.084749202,-2.379635396
-4.391219286,0.874755891,-2.535271637
-3.83574118,0.199232939,-2.214566203
-4.256392433,0.621139757,-2.457429317
-4.083334061,0.621760338,-2.357514019
-4.421772944,0.376083532,-2.552911799
-4.219118194,0.806146045,-2.435909025
-4.054455415,0.411213282,-2.340840925
-4.648737812,0.674608693,-2.683950027
-4.422627797,0.444585051,-2.553405349
-4.171537389,0.625593553,-2.408438235
-4.519656135,0.607352989,-2.609424686
-4.210266435,0.258907642,-2.430798459
-4.065739901,0.311092497,-2.347356026
-4.54358169,0.346595442,-2.623238112
-4.378983529,0.26297453,-2.528207319
-4.121018416,0.637974996,-2.379271092
-4.211095677,0.370035608,-2.431277223
-4.500354479,0.29529386,-2.59828087
-4.179059105,-0.101486989,-2.412780899
-4.133760033,0.459108484,-2.386627468
-4.236413829,0.425010716,-2.445894665
-3.979078932,0.211353487,-2.297322293
-3.947508457,0.342744203,-2.27909507
-4.602741892,0.079749313,-2.65739427
-4.370465302,0.003398953,-2.523289318
-4.433872322,0.19241619,-2.559897379
-4.39654424,0.619643228,-2.538346
-4.27905042,0.21153751,-2.470510912
-4.188603933,0.339319466,-2.418291608
-4.503425096,0.465258925,-2.600053691
-4.457831428,0.265179977,-2.573730175
-4.228120908,-0.120857131,-2.441106745
-4.473667703,-0.006882348,-2.582873253
-4.318143783,-0.113130544,-2.493081475
-4.217762799,-0.210133257,-2.435126488
-4.550508424,-0.143588294,-2.627237263
-4.524659178,-0.057078392,-2.612313194
-4.006130117,0.183274399,-2.312940302
-4.23609195,-0.166538566,-2.445708828
-4.271930368,-0.375268475,-2.466400148
-4.335004892,-0.099247759,-2.502816241
-4.12899453,-0.031079927,-2.383876103
-4.404381027,0.153879386,-2.542870572
-4.337082785,-0.058053676,-2.504015913
-4.455535688,-0.203185671,-2.572404729
-4.041732727,-0.509097511,-2.333495478
-4.367164071,-0.19404731,-2.521383352
-4.167711473,-0.101191639,-2.406229341
-4.563581677,-0.314386068,-2.63478511
-4.300537302,-0.480801829,-2.482916369
-4.506289944,-0.363948081,-2.601707712
-4.364005842,-0.467669712,-2.519559947
-4.276506018,-0.298030903,-2.469041901
-4.237835404,-0.049137049,-2.446715411
-4.676586782,-0.149435055,-2.700028638
-4.44309226,-0.717986483,-2.565220512
-3.853944129,-0.302129914,-2.22507568
-4.732860577,-0.471386918,-2.732518328
-4.043917499,-0.620374682,-2.334756857
-4.156643795,-0.848801988,-2.399839414
-4.089004377,-0.551136729,-2.360787778
-4.509727779,-0.098295082,-2.603692547
-3.948999451,-0.63662565,-2.279955896
-4.220990396,-0.670003789,-2.436989941
-4.330600122,-0.638209196,-2.500273146
-3.942386233,-0.553489154,-2.276137753
-4.069943978,-0.473724705,-2.349783251
-4.02566474,-0.850438299,-2.324218621
-4.463442116,-0.287930779,-2.576969507
-4.261543313,-0.678778022,-2.460403179
-4.230693834,-0.68920075,-2.442592224
-4.306841138,-0.597121009,-2.48655589
-4.253775081,-0.884027691,-2.455918188
-4.186043151,-1.002338959,-2.41681314
-4.570909864,-0.671135771,-2.63901604
-4.087882313,-0.636706374,-2.360139954
-4.199857267,-1.178169128,-2.424788723
-4.094130587,-0.531275558,-2.363747396
-4.520765488,-1.008816529,-2.610065172
-4.021081035,-1.233245265,-2.321572218
-4.095122718,-0.573751506,-2.364320203
-4.126824632,-1.057991779,-2.382623312
-4.099806923,-0.958269506,-2.367024631
-4.439180309,-0.627723579,-2.562961946
-4.300592251,-1.118781881,-2.482948094
-3.840348288,-1.337017612,-2.217226118
-4.004722992,-0.990345133,-2.312127898
-4.142216177,-1.126591703,-2.391509625
-4.279933494,-0.721397266,-2.471020755
-4.158722093,-0.861296089,-2.40103932
-3.738170192,-1.302600764,-2.158233567
-4.176141992,-0.769519801,-2.411096704
-3.911535181,-1.1351309,-2.25832589
-3.976762856,-1.051942155,-2.295985105
-4.065700048,-1.221911194,-2.347333017
-3.927567272,-1.089217411,-2.267582022
-4.11992236,-1.004371048,-2.378638283
-4.313164852,-1.155269794,-2.490206888
-4.056616189,-1.073608315,-2.342088449
-4.110138445,-0.964888462,-2.372989537
-3.897540392,-1.053705071,-2.250245994
-4.263196411,-0.953445591,-2.461357596
-3.781412927,-1.280546981,-2.183199771
-3.866879054,-1.236583042,-2.232543663
-4.12958298,-0.88668009,-2.384215845
-3.875527497,-1.524674903,-2.237536844
-3.682060523,-1.214387588,-2.125838634
-4.003123825,-1.347162899,-2.311204618
-3.737733288,-1.415690072,-2.15798132
-3.722000014,-1.305560665,-2.14889771
-3.890148348,-1.441397373,-2.245978196
-3.729303077,-1.246402246,-2.153114135
-3.921214775,-1.579682433,-2.263914406
-3.742112317,-1.633293847,-2.160509554
-3.668584971,-1.363725953,-2.11805852
-3.67616967,-1.772616497,-2.122437548
-3.888698505,-1.601967846,-2.245141129
-4.023793092,-1.835028535,-2.323138025
-3.583471101,-1.391479042,-2.068918005
-3.830414002,-1.511136519,-2.211490555
-3.840630493,-1.507563544,-2.217389049
-3.618509739,-1.628688237,-2.089147572
-3.39046186,-1.969694604,-1.957484068
-3.766673031,-1.319634637,-2.174689689
-3.370632348,-1.558257596,-1.946035494
-4.080975055,-1.677261145,-2.356152047
-3.669075296,-1.772897635,-2.11834161
-3.389993873,-2.182088827,-1.957213875
-3.586025147,-1.709508499,-2.070392584
-3.698646054,-1.882825909,-2.135414295
-3.752116035,-1.762492428,-2.166285203
-3.329474465,-1.528414304,-1.922272979
-3.667539408,-1.681197977,-2.117454864
-3.531225456,-1.74388808,-2.038753968
-3.617518628,-1.705772387,-2.088575354
-3.075755175,-1.751788394,-1.775788078
-3.740232245,-1.959400044,-2.159424094
-3.292746501,-1.801137475,-1.901068079
-3.557013713,-2.107041226,-2.053642825
-3.41982067,-1.355151531,-1.974434384
-3.370356178,-2.045069128,-1.945876047
-3.583102434,-1.912034459,-2.068705155
-3.830125257,-1.754331159,-2.211323848
-3.431669908,-1.514754668,-1.981275545
-3.457475688,-1.875438965,-1.996174519
-3.622661292,-1.595976381,-2.091544472
-3.123852659,-1.717782328,-1.803557173
-3.237748945,-1.872027997,-1.869315225
-3.27594382,-2.181342939,-1.891367046
-3.279036298,-1.721267612,-1.893152489
-2.943935152,-2.005739028,-1.699681753
-2.856966705,-1.850022445,-1.649470496
-2.891727349,-2.342822661,-1.669539563
-2.82154444,-1.79714327,-1.629019442
-3.058785767,-2.278898417,-1.765990786
-3.246843309,-2.123221324,-1.874565858
-3.141559539,-2.402468523,-1.813780245
-3.334086205,-1.736404093,-1.924935568
-2.799545764,-1.92270842,-1.6163185
-3.144122213,-2.116551236,-1.815259806
-2.891919801,-2.174121297,-1.669650676
-2.569951692,-2.400871381,-1.483762301
-3.238832843,-2.054687472,-1.869941014
-2.976536685,-1.85545112,-1.718504256
-3.034952072,-2.585764153,-1.752230395
-2.943426471,-2.101076788,-1.699388065
-3.028380002,-2.147972226,-1.748436009
-2.774627786,-2.40462014,-1.601932099
-2.817538016,-2.133435112,-1.626706332
-2.987205228,-2.518511511,-1.724663743
-2.832964078,-2.717893953,-1.635612573
-2.944078136,-2.599154818,-1.699764304
-3.009756178,-2.434541894,-1.737683539
-2.991890161,-2.183580939,-1.72736859
-2.869660711,-2.269044851,-1.656799384
-2.551372741,-2.06095674,-1.473035739
-2.735593486,-2.18755607,-1.579395635
-2.560983922,-2.279188296,-1.478584756
-2.528342551,-1.892052323,-1.459739252
-2.663533974,-2.752126568,-1.537792057
-2.759370361,-2.128843807,-1.593123221
-2.768888649,-2.06722508,-1.598618607
-2.659182468,-2.220359168,-1.535279714
-2.317189062,-1.972228089,-1.337829729
-2.612366279,-2.511604954,-1.508250375
-2.83438604,-2.610222128,-1.636433543
-2.391262356,-2.552269845,-1.380595965
-1.975086076,-2.782430563,-1.140316478
-2.82743317,-2.555351598,-1.632419302
-2.280921169,-2.25470359,-1.316890451
-2.362451387,-2.249415328,-1.363961944
-2.446019764,-2.481873441,-1.412210169
-2.312673244,-2.486451621,-1.33522252
-2.522644677,-2.223420264,-1.456449583
-2.353835207,-2.583603318,-1.35898739
-2.40501935,-2.464618618,-1.388538569
-2.384098146,-2.092847576,-1.376459706
-2.619661152,-2.580824539,-1.512462071
-2.059626431,-2.49763006,-1.189125875
-1.7795219,-2.286489499,-1.027407448
-2.386392044,-2.536594304,-1.377784089
-1.994337847,-2.140812823,-1.151431493
-1.875603333,-2.46024874,-1.082880089
-2.198324502,-2.564502786,-1.269203243
-2.277728622,-2.735638548,-1.315047233
-2.206118342,-2.48943345,-1.273703018
-2.196760972,-2.521912491,-1.268300538
-2.273627638,-2.667218092,-1.312679529
-1.914051595,-2.63623321,-1.105078204
-2.030966507,-2.776542689,-1.172579059
-1.686768005,-2.663275647,-0.973855962
-2.104913467,-2.985836228,-1.215272357
-1.995852161,-2.716157036,-1.152305783
-1.918809371,-2.279577499,-1.107825107
-1.787920085,-2.933251227,-1.032256142
-1.442853304,-2.669343705,-0.833031743
-1.838475379,-2.537088412,-1.061444255
-1.772263158,-2.408756278,-1.023216611
-1.629499861,-2.898968796,-0.940792183
-1.402157134,-2.830108257,-0.809535799
-1.530889203,-2.829292716,-0.883859293
-1.401663267,-2.941479491,-0.809250664
-1.639463269,-2.63649919,-0.946544559
-1.726743079,-2.579677273,-0.996935581
-1.460324085,-2.765278876,-0.843118504
-1.708533855,-2.871504859,-0.986422481
-1.66961806,-2.881528291,-0.963954437
-1.285743065,-2.791853155,-0.742324104
-1.804527281,-2.980102668,-1.041844312
-1.408158687,-2.897193219,-0.813000797
-1.641102327,-3.024418285,-0.94749087
-1.536240405,-2.898364372,-0.886948811
-1.75394004,-2.836218085,-1.012637754
-1.334018201,-2.959128399,-0.770195768
-1.227809687,-2.862793051,-0.708876254
-1.31079064,-3.096756324,-0.756785329
-1.183261169,-2.595551386,-0.683156155
-1.119198513,-3.038261812,-0.646169563
-0.794977267,-2.806755497,-0.458980339
-1.145790344,-2.779673913,-0.661522364
-0.954036859,-3.082134097,-0.550813437
-1.130405223,-3.004941527,-0.65263976
-1.088407788,-3.190781471,-0.628392529
-0.796949455,-2.787964601,-0.460118982
-0.979077393,-2.908882448,-0.565270596
-0.974738051,-3.189225988,-0.562765276
-1.166886955,-2.996055361,-0.673702498
-1.063559381,-2.977581646,-0.614046295
-0.764245288,-2.86863948,-0.441237223
-0.618752769,-2.971648575,-0.357237078
-0.792100586,-2.84280746,-0.457319486
-1.093700882,-2.924399789,-0.631448498
-0.973325504,-3.328729398,-0.561949742
-1.181148992,-2.966398713,-0.681936689
-0.870349181,-2.729516361,-0.502496334
-0.858832234,-3.126869687,-0.495847021
-0.778606383,-3.021515381,-0.449528605
-0.687458351,-2.92842137,-0.396904264
-0.739345601,-2.962520095,-0.426861382
-0.299181659,-3.314201295,-0.172732611
-0.741310235,-3.184800572,-0.427995664
-0.485878985,-3.144319418,-0.280522363
-0.859600114,-2.994987669,-0.496290357
-0.544911986,-2.853606176,-0.314605082
-0.372336517,-3.101242203,-0.214968588
-0.347212716,-3.002422985,-0.200463355
-0.376238111,-2.705577438,-0.217221175
-0.508376204,-2.914120185,-0.293511139
-0.499620768,-3.274275697,-0.288456185
-0.726239129,-2.974729863,-0.419294357
-0.749574746,-3.044868406,-0.432767181
-0.136495334,-2.926278473,-0.078805618
-0.669552279,-3.058464891,-0.386566189
-0.301557988,-3.010980935,-0.174104586
-0.384595184,-2.749411065,-0.222046133
-0.450141058,-2.634264257,-0.259889061
-0.252441133,-3.117262464,-0.145746956
-0.375145109,-3.077610499,-0.216590129
-0.080882077,-3.366650625,-0.046697289
-0.17631623,-3.174230789,-0.101796223
0.076137067,-3.088045265,0.043957756
-0.215071551,-3.084276876,-0.124171618
-0.253466366,-2.776669184,-0.146338874
-0.11516903,-2.82769945,-0.066492871
0.048032179,-2.828750217,0.027731391
-0.027260498,-3.099921469,-0.015738856
0.348050255,-3.374259782,0.200946908
0.076957193,-2.850852497,0.044431256
-0.119632099,-2.716084221,-0.069069625
0.192489165,-3.18861285,0.111133671
0.083280081,-3.450970292,0.048081777
0.201135256,-2.789606785,0.116125494
0.404066372,-2.990886251,0.233287828
0.067185721,-3.120039084,0.038789694
0.228736216,-2.924744469,0.132060916
0.056988649,-2.858542121,0.032902412
0.269215697,-2.949171384,0.155431755
0.222502204,-3.172232724,0.128461707
0.296004222,-2.500518338,0.170898117
0.557653035,-3.08839596,0.32196113
0.570713758,-3.255249407,0.329501742
0.405655708,-3.275390028,0.234205432
0.450511926,-2.810823741,0.260103182
0.26028436,-3.009422872,0.150275246
0.546375894,-2.743006884,0.315450269
0.564591165,-3.000705947,0.325966861
0.414100602,-2.915950269,0.239081094
0.838797519,-3.068248943,0.484279973
0.724020467,-3.043391416,0.418013411
0.627909386,-3.061619081,0.362523653
0.67564447,-3.022320973,0.390083517
0.700298739,-3.014680422,0.404317666
0.660192939,-2.89100415,0.381162571
0.795433748,-2.951159689,0.459243889
0.687941441,-2.767170656,0.397183176
0.893848062,-2.923101257,0.516063419
1.20249245,-3.076617151,0.69425934
1.190359894,-3.040467165,0.687254605
0.953154681,-3.190779967,0.550304112
0.868727598,-2.94574323,0.501560113
0.949789713,-2.963087258,0.548361346
1.016267994,-2.812431561,0.5867426
0.773378027,-3.139736523,0.446510012
1.114802912,-2.951204235,0.643631762
0.9768883,-2.72524546,0.564006723
1.081357377,-3.276982334,0.624321973
1.064346299,-3.04135789,0.614500622
1.338058467,-3.013223456,0.772528416
1.463898634,-2.569902351,0.84518227
1.465400315,-2.882948205,0.846049266
1.236043918,-2.691466517,0.713630289
1.066973057,-3.205051747,0.616017182
1.244622741,-2.619373022,0.718583275
1.451056392,-2.74655032,0.837767799
1.251259933,-2.577276011,0.722415259
1.426259903,-2.970407661,0.823451539
1.308031253,-3.082853288,0.755192196
1.365658897,-2.856896194,0.788463532
1.382704841,-2.675768447,0.798305012
1.723616689,-2.537890568,0.995130559
1.32140755,-2.839168282,0.762915004
1.337368268,-2.626669607,0.772129929
1.684636234,-2.498077092,0.972625183
1.86010851,-2.327372193,1.073934149
1.801443883,-2.870757614,1.040064111
1.465121838,-2.875195623,0.845888488
1.644373565,-2.65532399,0.94937952
1.754384736,-2.90039613,1.0128945
1.521494151,-2.867421613,0.878435057
1.687902559,-2.59625504,0.974510997
1.851152304,-2.38394746,1.068763281
1.898157546,-2.935194764,1.09590177
1.534094455,-2.520201912,0.885709847
1.467646433,-2.720518365,0.847346063
1.855411511,-2.893601445,1.071222335
1.565234101,-2.352678262,0.90368833
1.699779422,-2.966484896,0.981368107
1.978107361,-2.490948719,1.142060817
2.115201743,-2.669084376,1.221212296
1.884013581,-2.801235564,1.087735748
1.825905482,-2.447088912,1.054187021
1.981187425,-2.483601558,1.143839093
2.115604497,-2.434968414,1.221444826
1.823416549,-2.716355175,1.052750035
2.06725571,-2.863150784,1.19353064
2.083909386,-2.515519616,1.203145645
2.184966366,-2.394233358,1.26149092
2.314956001,-2.473385596,1.33654047
2.269216602,-2.451798914,1.310132816
2.117592393,-2.583328315,1.222592538
2.31536557,-2.402745946,1.336776935
2.312935444,-2.465101142,1.335373901
2.287068319,-2.617693546,1.32043951
2.551099408,-2.789994349,1.47287793
2.296796467,-2.143212854,1.326056059
2.132068052,-2.550175451,1.230950064
2.595910057,-2.354467915,1.49874937
2.383575965,-2.867908827,1.376158225
2.34030137,-2.501139074,1.351173626
2.330454919,-2.249462617,1.345488775
2.480161184,-2.567875135,1.431921727
2.684442025,-2.305130204,1.549863326
2.87088522,-2.547546515,1.657506355
2.664334599,-2.584936397,1.538254298
2.496726289,-2.522811929,1.441485595
2.545126906,-2.428690126,1.469429704
2.425058875,-2.482061105,1.400108394
2.720517478,-2.682132381,1.570691499
2.555137233,-2.391904329,1.475209169
2.721919778,-2.403741508,1.571501116
2.778882905,-2.397908101,1.604388793
2.510020085,-2.670668122,1.449160772
2.884808439,-2.59860167,1.665544929
2.739747475,-2.467875487,1.581793942
2.7232114,-2.357098705,1.572246835
2.774434121,-2.438353782,1.601820286
3.065415354,-2.17974267,1.76981838
2.765949934,-1.830514785,1.596921939
2.730032677,-1.893316468,1.576185101
2.881092481,-2.073113542,1.663399519
3.044701702,-1.996924981,1.757859347
3.143297238,-1.806150294,1.814783506
3.088481438,-2.1026361,1.78313559
2.756145334,-2.912940995,1.591261251
2.979305807,-2.188641289,1.72010301
2.906353443,-2.119566882,1.677983943
3.1460093,-2.160439425,1.816349316
3.404426852,-2.02338113,1.965546759
3.095196433,-2.278242851,1.787012494
3.187341627,-2.200558616,1.840212546
2.875099084,-1.615085356,1.65993923
3.319214024,-2.622709832,1.91634911
2.767198937,-1.951709917,1.597643051
3.05918106,-2.106481194,1.766219008
3.429340524,-2.174902751,1.979930674
3.208077173,-2.182345827,1.852184219
3.265483491,-2.204199954,1.885327773
3.087533014,-2.060816782,1.782588017
3.328001228,-2.415963376,1.921422405
3.36527119,-2.382587437,1.942940227
3.025378292,-2.005668637,1.746702971
3.192278856,-1.495534824,1.843063057
2.992799809,-2.003529586,1.727893776
3.322613114,-1.957759972,1.918311576
3.378722679,-1.506281154,1.950706448
2.999710522,-1.802938094,1.731883677
3.539149782,-1.910532304,2.043329079
3.447400477,-1.818859851,1.990357593
3.133943032,-1.874295207,1.809382853
3.172919435,-1.48243414,1.83188589
3.3432111,-2.059236225,1.930203828
3.310993134,-1.811653045,1.911602777
3.22189045,-1.562593226,1.860159319
3.73829837,-2.089022396,2.15830757
3.805222317,-1.984976474,2.196946129
3.507881525,-1.715102252,2.025276343
3.251345298,-1.496216561,1.877165083
3.481022742,-1.940498021,2.009769417
3.496605612,-1.906098249,2.018766191
3.613128436,-1.473249972,2.086040675
3.489314216,-1.453698084,2.014556502
4.105301301,-1.904132849,2.370196811
3.477166936,-1.741206944,2.007543266
3.528348239,-1.530460612,2.037092806
3.601473987,-1.72069997,2.079311976
3.595829718,-1.68097827,2.076053255
3.571540286,-1.522937042,2.062029745
3.833017924,-1.40615276,2.21299393
3.56545543,-1.999564472,2.058516652
3.46814785,-2.200045242,2.002336095
3.358304854,-1.567167261,1.938918211
3.571657113,-1.321508908,2.062097195
3.728214214,-1.031238995,2.15248548
4.0028431,-1.157452972,2.311042542
3.98757081,-1.148851074,2.30222508
3.61260874,-1.03371477,2.085740628
3.954322182,-1.008184032,2.283028976
4.171174155,-1.643296071,2.408228521
3.699089262,-1.592418754,2.135670181
3.974496834,-1.335071292,2.294676817
3.942020908,-1.271591503,2.275926832
4.005102282,-0.955414329,2.312346881
3.536253902,-0.959578185,2.041657142
3.929874702,-1.57985168,2.268914217
3.667338876,-1.091885244,2.117339087
3.916649431,-1.471216483,2.261278603
3.984137595,-1.199191803,2.300242913
3.933956194,-1.390957445,2.271270668
3.697578252,-1.396076997,2.134797799
3.921631174,-1.057619748,2.264154814
3.889715837,-0.682585332,2.245728486
4.146703951,-1.413329782,2.394100642
3.945486013,-0.915633771,2.277927411
3.998302635,-1.302193912,2.308421103
4.021372712,-0.875567604,2.321740618
4.474292865,-1.197057875,2.58323419
3.74887004,-0.841156707,2.164411127
4.13769752,-1.357689197,2.388900777
4.103041931,-1.435090111,2.368892364
4.114832071,-1.044403105,2.375699404
4.136372846,-0.82870353,2.388135976
4.12697973,-0.966224729,2.382712858
4.085059836,-1.176742533,2.358510396
4.317599723,-0.901892412,2.492767362
4.400626523,-0.756948008,2.540702908
4.31074933,-0.727515672,2.488812286
4.35413873,-0.46142556,2.513863168
3.975365253,-0.852585462,2.295178199
4.069986437,-1.085863442,2.349807765
4.131572954,-0.953653385,2.385364757
3.82645345,-0.748419572,2.209203929
4.279529459,-0.923126713,2.470787485
4.118641939,-1.025538912,2.377899032
4.116716512,-0.58361972,2.376787387
4.130220159,-0.845747146,2.384583721
4.094996028,-0.784596136,2.364247059
4.235209461,-0.691291621,2.445199322
4.188964513,-0.57858169,2.418499789
4.187936707,-1.103498788,2.417906385
4.134655861,-0.521479663,2.387144674
4.412079757,-0.369705243,2.547315435
4.333664603,-0.588292594,2.502042425
4.318850752,-0.501154954,2.493489644
4.050702656,-0.57988895,2.338674269
3.891187737,-0.660471216,2.246578287
4.100795373,-0.699078126,2.367595313
4.056458816,-0.565783374,2.34199759
4.318726412,-0.427579158,2.493417857
4.012161064,-0.398794067,2.31642227
4.451374823,-0.682003147,2.570002452
4.245703411,-0.341885011,2.451258007
4.55239613,-0.425505802,2.628327131
4.191227658,-0.603787551,2.419806417
4.583509943,-0.43808014,2.646290699
4.48055899,-0.227164438,2.586851939
4.480035237,-0.556017469,2.58654955
3.998947694,-0.597112429,2.308793527
4.241103302,0.180541454,2.448602133
4.236641665,-0.127876019,2.446026206
4.503298631,-0.590179771,2.599980677
4.4868036,-0.198728222,2.590457266
4.414863572,-0.346263112,2.548922672
4.279495739,-0.255449465,2.470768017
4.356260698,-0.276238789,2.515088287
4.644563194,0.019764467,2.68153981
4.317678168,-0.439084857,2.492812652
4.099458655,-0.10779448,2.366823558
4.091012862,-0.066551351,2.361947377
4.33232892,-0.01234458,2.501271268
4.025673112,-0.168215664,2.324223455
4.236245523,-0.375191898,2.445797493
4.392140775,-0.176631191,2.535803659
4.303434496,-0.03724127,2.484589065
4.072359289,-0.218170098,2.351177732
3.944348613,-0.00410177,2.277270733
